Rank,Player,Team,Country,Matches,Minutes,Goals,Penalties,Assists,Secondary Assists,Goal Contributions,Goals per Match,Assists per Match,Yellow Cards,Red Cards
1,Cole Palmer,Chelsea,ENG,34,2624,22,9,11,8.7,33,0.65,0.32,7,0
2,Ollie Watkins,Aston Villa,ENG,37,3221,19,0,13,4.2,32,0.51,0.35,4,0
3,Erling Haaland,Manchester City,NOR,31,2556,27,7,5,2.2,32,0.87,0.16,1,0
4,Mohamed Salah,Liverpool,EGY,32,2535,18,5,10,7.5,28,0.56,0.31,2,0
5,Phil Foden,Manchester City,ENG,35,2865,19,0,8,6.9,27,0.54,0.23,2,0
6,Heung-Min Son,Tottenham Hotspur,KOR,35,2946,17,2,10,8.3,27,0.49,0.29,1,0
7,Bukayo Saka,Arsenal,ENG,35,2933,16,6,9,11,25,0.46,0.26,4,0
8,Alexander Isak,Newcastle United,SWE,30,2265,21,5,2,2.8,23,0.7,0.07,1,0
9,Dominic Solanke,Bournemouth,ENG,38,3331,19,2,3,2,22,0.5,0.08,3,0
10,Jarrod Bowen,West Ham United,ENG,34,3020,16,0,6,4.8,22,0.47,0.18,2,0
11,Jean-Philippe Mateta,Crystal Palace,FRA,35,2283,16,2,5,1.3,21,0.46,0.14,3,0
12,Anthony Gordon,Newcastle United,ENG,35,2898,11,1,10,5.6,21,0.31,0.29,10,1
13,Julián Álvarez,Manchester City,ARG,36,2657,11,2,9,6.3,20,0.31,0.25,2,0
14,Kai Havertz,Arsenal,GER,37,2639,13,1,7,4.3,20,0.35,0.19,11,0
15,Darwin Nunez,Liverpool,URU,36,2046,11,0,8,4.5,19,0.31,0.22,9,0
16,Leon Bailey,Aston Villa,JAM,35,2072,10,0,9,7.3,19,0.29,0.26,5,0
17,Matheus Cunha,Wolverhampton Wanderers,BRA,32,2453,12,1,7,3,19,0.38,0.22,9,0
18,Nicolas Jackson,Chelsea,SEN,35,2804,14,0,5,2.9,19,0.4,0.14,10,0
19,Martin Ødegaard,Arsenal,NOR,35,3098,8,2,10,11.2,18,0.23,0.29,2,0
20,Bruno Fernandes,Manchester United,POR,35,3119,10,4,8,10.2,18,0.29,0.23,9,0
21,Rodri,Manchester City,ESP,34,2938,8,0,9,6.1,17,0.24,0.26,8,1
22,Michael Olise,Crystal Palace,FRA,19,1277,10,1,6,5,16,0.53,0.32,0,0
23,Eberechi Eze,Crystal Palace,ENG,27,2065,11,1,4,5.6,15,0.41,0.15,3,0
24,Bernardo Silva,Manchester City,POR,33,2581,6,0,9,8,15,0.18,0.27,8,0
25,Bryan Mbeumo,Brentford,CMR,25,1959,9,3,6,5.6,15,0.36,0.24,2,0
26,Richarlison,Tottenham Hotspur,BRA,28,1492,11,0,4,1.4,15,0.39,0.14,3,0
27,Yoane Wissa,Brentford,COD,34,2508,12,0,3,2,15,0.35,0.09,7,0
28,Declan Rice,Arsenal,ENG,38,3230,7,0,8,4.8,15,0.18,0.21,5,0
29,Hee-Chan Hwang,Wolverhampton Wanderers,KOR,29,2124,12,1,3,2.9,15,0.41,0.1,6,0
30,Bruno Guimaraes,Newcastle United,BRA,37,3268,7,0,8,6.3,15,0.19,0.22,9,0
31,Brennan Johnson,Tottenham Hotspur,WAL,35,2330,5,0,10,4.5,15,0.14,0.29,3,0
32,Chris Wood,Nottingham Forest,NZL,31,1806,14,0,1,1.1,15,0.45,0.03,0,0
33,Carlton Morris,Luton Town,ENG,38,2867,11,5,4,1.6,15,0.29,0.11,4,0
34,Morgan Gibbs-White,Nottingham Forest,ENG,37,3160,5,1,10,6.8,15,0.14,0.27,9,0
35,Pascal Gross,Brighton and Hove Albion,GER,36,3114,4,1,10,9.2,14,0.11,0.28,7,0
36,Anthony Elanga,Nottingham Forest,SWE,36,2434,5,0,9,4,14,0.14,0.25,1,0
37,Mohammed Kudus,West Ham United,GHA,33,2483,8,0,6,3.7,14,0.24,0.18,6,0
38,Douglas Luiz,Aston Villa,BRA,35,3001,9,4,5,5.3,14,0.26,0.14,12,0
39,James Ward-Prowse,West Ham United,ENG,37,3005,7,2,7,6.3,14,0.19,0.19,4,0
40,Moussa Diaby,Aston Villa,FRA,38,2184,6,0,8,4.5,14,0.16,0.21,1,0
41,Kevin De Bruyne,Manchester City,BEL,18,1227,4,0,10,7.1,14,0.22,0.56,2,0
42,Diogo Jota,Liverpool,POR,21,1150,10,0,3,1.7,13,0.48,0.14,1,1
43,James Maddison,Tottenham Hotspur,ENG,28,2152,4,0,9,6.3,13,0.14,0.32,5,0
44,Cody Gakpo,Liverpool,NED,35,1644,8,0,5,2.7,13,0.23,0.14,1,0
45,Leandro Trossard,Arsenal,BEL,34,1646,12,0,1,3.2,13,0.35,0.03,2,0
46,Luis Diaz,Liverpool,COL,37,2646,8,0,5,4.7,13,0.22,0.14,3,0
47,Raheem Sterling,Chelsea,ENG,31,1981,8,0,4,4.3,12,0.26,0.13,7,0
48,Rasmus Højlund,Manchester United,DEN,30,2169,10,0,2,0.9,12,0.33,0.07,2,0
49,Joao Pedro,Brighton and Hove Albion,BRA,31,2043,9,4,3,4.7,12,0.29,0.1,2,0
50,Conor Gallagher,Chelsea,ENG,37,3135,5,0,7,3.5,12,0.14,0.19,7,1
51,Dejan Kulusevski,Tottenham Hotspur,SWE,36,2763,8,0,3,6.7,11,0.22,0.08,7,0
52,Kieran Trippier,Newcastle United,ENG,28,2240,1,0,10,7.1,11,0.04,0.36,5,0
53,Pedro Neto,Wolverhampton Wanderers,POR,20,1518,2,0,9,3.7,11,0.1,0.45,4,0
54,Jordan Ayew,Crystal Palace,GHA,35,2549,4,0,7,2.7,11,0.11,0.2,7,1
55,Jérémy Doku,Manchester City,BEL,29,1593,3,0,8,5.9,11,0.1,0.28,3,0
56,Pablo Sarabia,Wolverhampton Wanderers,ESP,30,1748,4,2,7,4.9,11,0.13,0.23,5,0
57,Alejandro Garnacho,Manchester United,ARG,36,2573,7,0,4,2.9,11,0.19,0.11,4,0
58,Rodrigo Muniz,Fulham,BRA,26,1597,9,0,1,0.9,10,0.35,0.04,1,0
59,Alfie Doughty,Luton Town,ENG,37,2937,2,0,8,5.4,10,0.05,0.22,5,0
60,Antoine Semenyo,Bournemouth,GHA,33,2111,8,0,2,2.3,10,0.24,0.06,6,0
61,Pedro Porro,Tottenham Hotspur,ESP,35,3092,3,0,7,6,10,0.09,0.2,3,0
62,Callum Wilson,Newcastle United,ENG,20,985,9,2,1,0.6,10,0.45,0.05,3,0
63,Lucas Paquetá,West Ham United,BRA,31,2634,4,2,6,5.1,10,0.13,0.19,10,0
64,Harry Wilson,Fulham,WAL,35,1614,4,0,6,2.7,10,0.11,0.17,6,0
65,Gabriel Martinelli,Arsenal,BRA,35,2029,6,0,4,5.2,10,0.17,0.11,1,0
66,Elijah Adebayo,Luton Town,ENG,27,1418,10,0,0,0,10,0.37,0,1,0
67,Gustavo Hamer,Sheffield United,NED,36,2923,4,0,6,4.6,10,0.11,0.17,9,0
68,John McGinn,Aston Villa,SCO,35,3009,6,0,4,4.9,10,0.17,0.11,9,1
69,Alexis Mac Allister,Liverpool,ARG,33,2609,5,1,5,4.9,10,0.15,0.15,7,1
70,Jacob Murphy,Newcastle United,ENG,21,1193,3,0,7,3.4,10,0.14,0.33,1,0
71,Andreas Pereira,Fulham,BRA,37,2637,3,0,7,5.7,10,0.08,0.19,6,0
72,Ross Barkley,Luton Town,ENG,32,2622,5,0,4,2.7,9,0.16,0.12,6,0
73,Abdoulaye Doucouré,Everton,MLI,32,2637,7,0,2,1.5,9,0.22,0.06,7,0
74,Marcos Senesi,Bournemouth,ARG,31,2247,4,0,5,2.6,9,0.13,0.16,13,0
75,Tomas Soucek,West Ham United,CZE,37,2874,7,0,2,1.2,9,0.19,0.05,7,0
76,Taiwo Awoniyi,Nottingham Forest,NGA,20,1046,6,0,3,0.9,9,0.3,0.15,2,0
77,Gabriel Jesus,Arsenal,BRA,27,1482,4,0,5,3.2,9,0.15,0.19,6,0
78,Oliver McBurnie,Sheffield United,SCO,21,1283,6,2,3,2,9,0.29,0.14,3,2
79,Dominic Calvert-Lewin,Everton,ENG,32,2185,7,2,2,1.6,9,0.22,0.06,2,0
80,Dwight McNeil,Everton,ENG,35,2897,3,0,6,8.2,9,0.09,0.17,2,0
81,Marcus Rashford,Manchester United,ENG,33,2278,7,2,2,2.8,9,0.21,0.06,2,0
82,Harvey Elliott,Liverpool,ENG,34,1336,3,0,6,4.6,9,0.09,0.18,2,0
83,Neal Maupay,Brentford,FRA,31,1424,6,0,3,2.3,9,0.19,0.1,8,0
84,Callum Hudson-Odoi,Nottingham Forest,ENG,29,1854,8,0,1,2.5,9,0.28,0.03,0,0
85,Sean Longstaff,Newcastle United,ENG,35,2746,6,0,2,3,8,0.17,0.06,7,0
86,Scott McTominay,Manchester United,SCO,32,1891,7,0,1,0.5,8,0.22,0.03,2,0
87,Ben White,Arsenal,ENG,37,2995,4,0,4,3.7,8,0.11,0.11,8,0
88,Lyle Foster,Burnley,RSA,24,1906,5,0,3,1.3,8,0.21,0.12,0,1
89,Bobby Reid,Fulham,JAM,33,1424,6,0,2,1.2,8,0.18,0.06,4,0
90,Michail Antonio,West Ham United,JAM,26,1710,6,0,2,1.3,8,0.23,0.08,6,0
91,Harvey Barnes,Newcastle United,ENG,21,794,5,0,3,1.9,8,0.24,0.14,2,0
92,Youri Tielemans,Aston Villa,BEL,32,1620,2,0,6,2.2,8,0.06,0.19,3,0
93,Justin Kluivert,Bournemouth,NED,32,1934,7,0,1,1.7,8,0.22,0.03,5,0
94,Noni Madueke,Chelsea,ENG,23,1053,5,1,2,2,7,0.22,0.09,2,0
95,Kaoru Mitoma,Brighton and Hove Albion,JPN,19,1488,3,0,4,3.6,7,0.16,0.21,4,0
96,Trent Alexander-Arnold,Liverpool,ENG,28,2159,3,0,4,6.1,7,0.11,0.14,6,0
97,Vladimir Coufal,West Ham United,,0,0,0,0,7,3,7,0,7,5,1
98,Raul Jiménez,Fulham,MEX,24,1402,7,0,0,0,7,0.29,0,3,1
99,Dara O'Shea,Burnley,IRL,33,2894,3,0,4,1,7,0.09,0.12,5,1
100,Odsonne Edouard,Crystal Palace,FRA,30,1552,7,0,0,0,7,0.23,0,4,0
101,Simon Adingra,Brighton and Hove Albion,CIV,31,2230,6,0,1,3.5,7,0.19,0.03,3,0
102,Ben Brereton Diaz,Sheffield United,CHI,14,1110,6,1,1,1.1,7,0.43,0.07,3,0
103,Alex Iwobi,Fulham,NGA,32,2342,5,0,2,4.3,7,0.16,0.06,2,0
104,Edward Nketiah,Arsenal,ENG,27,1073,5,0,2,0.7,7,0.19,0.07,3,0
105,Mykhaylo Mudryk,Chelsea,UKR,31,1578,5,0,2,3.2,7,0.16,0.06,5,0
106,Marcus Tavernier,Bournemouth,ENG,30,2129,3,0,4,4.2,7,0.1,0.13,3,0
107,Zeki Amdouni,Burnley,SUI,34,1971,5,1,1,1.3,6,0.15,0.03,2,0
108,Jack Harrison,Everton,ENG,29,2219,3,0,3,3.3,6,0.1,0.1,1,0
109,Ivan Toney,Brentford,ENG,17,1449,4,0,2,1.4,6,0.24,0.12,5,0
110,Willian,Fulham,BRA,31,2054,4,2,2,4.5,6,0.13,0.06,1,0
111,Pape Sarr,Tottenham Hotspur,SEN,34,2085,3,0,3,2.1,6,0.09,0.09,9,0
112,Mathias Jensen,Brentford,DEN,32,2217,3,0,3,4.8,6,0.09,0.09,5,0
113,Danny Welbeck,Brighton and Hove Albion,ENG,29,1703,5,0,1,1.4,6,0.17,0.03,4,0
114,Antonee Robinson,Fulham,,0,0,0,0,6,3.7,6,0,6,6,0
115,Malo Gusto,Chelsea,,0,0,0,0,6,3.3,6,0,6,7,1
116,Josh Brownhill,Burnley,ENG,33,2251,4,0,2,2.1,6,0.12,0.06,4,1
117,Evan Ferguson,Brighton and Hove Albion,IRL,27,1365,6,0,0,0,6,0.22,0,1,0
118,James McAtee,Sheffield United,ENG,31,1828,3,1,3,2.1,6,0.1,0.1,2,0
119,Jacob Bruun Larsen,Burnley,DEN,32,1248,6,1,0,0,6,0.19,0,1,0
120,Ryan Christie,Bournemouth,,0,0,0,0,5,5.4,5,0,5,6,0
121,Wilson Odobert,Burnley,FRA,29,2107,3,0,2,3.6,5,0.1,0.07,3,0
122,Adama Traoré,Fulham,ESP,17,364,2,0,3,0.9,5,0.12,0.18,2,0
123,Dominik Szoboszlai,Liverpool,HUN,33,2109,3,0,2,5.1,5,0.09,0.06,1,0
124,Cameron Archer,Sheffield United,ENG,30,1839,4,0,1,1.4,5,0.13,0.03,2,0
125,Pervis Estupinán,Brighton and Hove Albion,ECU,19,1244,2,0,3,2.3,5,0.11,0.16,4,0
126,Chiedozie Ogbene,Luton Town,IRL,30,1993,4,0,1,3.5,5,0.13,0.03,1,0
127,Cristian Romero,Tottenham Hotspur,ARG,33,2792,5,0,0,0,5,0.15,0,7,1
128,David Datro Fofana,Burnley,CIV,15,879,4,0,1,0.3,5,0.27,0.07,1,0
129,Diogo Dalot,Manchester United,POR,36,3173,2,0,3,2.4,5,0.06,0.08,4,1
130,Destiny Udogie,Tottenham Hotspur,ITA,28,2398,2,0,3,2,5,0.07,0.11,5,1
131,Josko Gvardiol,Manchester City,CRO,28,2328,4,0,1,2.1,5,0.14,0.04,3,0
132,Mario Lemina,Wolverhampton Wanderers,GAB,35,2974,4,0,1,1.3,5,0.11,0.03,10,1
133,Fabian Schär,Newcastle United,SUI,36,3054,4,0,1,1.4,5,0.11,0.03,5,0
134,Enzo Fernández,Chelsea,ARG,28,2214,3,1,2,3.7,5,0.11,0.07,7,0
135,Joao Palhinha,Fulham,POR,33,2709,4,0,1,1,5,0.12,0.03,13,0
136,Joachim Andersen,Crystal Palace,DEN,38,3416,2,0,3,2.3,5,0.05,0.08,7,0
137,Jhon Duran,Aston Villa,COL,23,462,5,0,0,0,5,0.22,0,5,0
138,Josh Cullen,Burnley,IRL,25,2059,2,0,3,2.3,5,0.08,0.12,9,0
139,Timo Werner,Tottenham Hotspur,GER,13,814,2,0,3,2.9,5,0.15,0.23,1,0
140,Tyrick Mitchell,Crystal Palace,ENG,37,3208,2,0,3,2.4,5,0.05,0.08,6,0
141,Tom Cairney,Fulham,SCO,34,1475,1,0,4,2.5,5,0.03,0.12,3,0
142,Andrew Robertson,Liverpool,SCO,23,1691,3,0,2,4.4,5,0.13,0.09,2,0
143,Andros Townsend,Luton Town,ENG,27,1209,1,0,3,1.8,4,0.04,0.11,1,0
144,Solly March,Brighton and Hove Albion,ENG,7,558,3,0,1,1,4,0.43,0.14,1,0
145,Tahith Chong,Luton Town,NED,33,1986,4,0,0,0,4,0.12,0,4,0
146,Timothy Castagne,Fulham,BEL,34,2633,1,0,3,1.8,4,0.03,0.09,3,0
147,Thiago Silva,Chelsea,BRA,31,2527,3,0,1,0.6,4,0.1,0.03,4,0
148,Sven Botman,Newcastle United,NED,17,1378,2,0,2,0.6,4,0.12,0.12,2,0
149,Lewis Miley,Newcastle United,ENG,17,1205,1,0,3,1.4,4,0.06,0.18,1,0
150,Kobbie Mainoo,Manchester United,ENG,24,1939,3,0,1,1.6,4,0.12,0.04,3,0
151,Jeffrey Schlupp,Crystal Palace,GHA,29,1355,2,0,2,1.4,4,0.07,0.07,1,0
152,Johann Berg Gudmundsson,Burnley,ISL,26,1191,1,0,3,2.5,4,0.04,0.12,2,0
153,Jack Grealish,Manchester City,ENG,20,1003,3,0,1,2.8,4,0.15,0.05,7,0
154,Jakub Kiwior,Arsenal,POL,20,945,1,0,3,0.6,4,0.05,0.15,1,0
155,Idrissa Gana Gueye,Everton,SEN,25,1892,4,0,0,0,4,0.16,0,8,0
156,Vitaly Janelt,Brentford,GER,38,3069,1,0,3,3.7,4,0.03,0.08,8,0
157,Virgil van Dijk,Liverpool,NED,36,3178,2,0,2,1,4,0.06,0.06,3,1
158,Toti Gomes,Wolverhampton Wanderers,POR,35,2774,1,0,3,0.6,4,0.03,0.09,7,0
159,Kyle Walker,Manchester City,,0,0,0,0,4,3.2,4,0,4,2,0
160,Lewis Dunk,Brighton and Hove Albion,ENG,33,2872,3,0,1,2.2,4,0.09,0.03,7,1
161,Keane Lewis-Potter,Brentford,ENG,30,1441,3,0,1,2,4,0.1,0.03,0,0
162,Matty Cash,Aston Villa,POL,29,2142,2,0,2,2.5,4,0.07,0.07,8,0
163,Daniel Burn,Newcastle United,ENG,33,2732,2,0,2,1.1,4,0.06,0.06,4,0
164,Daniel Munoz,Crystal Palace,,0,0,0,0,4,1.3,4,0,4,4,0
165,Miguel Almiron,Newcastle United,PAR,33,1945,3,0,1,2.4,4,0.09,0.03,2,0
166,Danilo,Nottingham Forest,BRA,29,1796,2,0,2,0.7,4,0.07,0.07,4,0
167,Harry Toffolo,Nottingham Forest,ENG,23,1455,1,0,3,1.2,4,0.04,0.13,3,0
168,Gabriel,Arsenal,BRA,36,3044,4,0,0,0,4,0.11,0,4,0
169,Harry Maguire,Manchester United,ENG,22,1650,2,0,2,0.9,4,0.09,0.09,4,0
170,Giovani Lo Celso,Tottenham Hotspur,ARG,22,495,2,0,2,1.9,4,0.09,0.09,2,0
171,Facundo Buonanotte,Brighton and Hove Albion,ARG,27,1368,3,0,1,1.2,4,0.11,0.04,7,0
172,Enes Ünal,Bournemouth,TUR,16,320,2,0,2,0.1,4,0.12,0.12,1,0
173,Lucas Digne,Aston Villa,FRA,33,2410,1,0,3,3.6,4,0.03,0.09,7,0
174,Luis Sinisterra,Bournemouth,COL,20,692,2,0,2,1.1,4,0.1,0.1,0,0
175,Morgan Rogers,Aston Villa,ENG,11,640,3,0,1,0.4,4,0.27,0.09,3,0
176,Moisés Caicedo,Chelsea,ECU,35,2872,1,0,3,2,4,0.03,0.09,11,0
177,Conor Bradley,Liverpool,NIR,11,761,1,0,3,1.2,4,0.09,0.27,2,0
178,Nicolás Dominguez,Nottingham Forest,ARG,26,1503,2,0,2,1.3,4,0.08,0.08,4,0
179,Albert Sambi Lokonga,Luton Town,BEL,17,1308,1,0,3,0.8,4,0.06,0.18,4,0
180,Sergio Reguilon,Brentford,,0,0,0,0,4,2.9,4,0,4,7,1
181,Reece Burke,Luton Town,,0,0,0,0,4,0.9,4,0,4,5,0
182,Philip Billing,Bournemouth,DEN,29,1393,2,0,2,2.1,4,0.07,0.07,3,1
183,Nathan Aké,Manchester City,NED,29,2044,2,0,2,1.1,4,0.07,0.07,0,0
184,Christopher Nkunku,Chelsea,FRA,11,438,3,0,0,0,3,0.27,0,0,0
185,Christian Nørgaard,Brentford,DEN,31,2513,2,0,1,2.4,3,0.06,0.03,8,0
186,Luke Berry,Luton Town,ENG,17,311,2,0,1,0.1,3,0.12,0.06,1,0
187,Frank Onyeka,Brentford,NGA,26,1155,1,0,2,1.4,3,0.04,0.08,8,0
188,Fabio Vieira,Arsenal,POR,11,292,1,1,2,0.8,3,0.09,0.18,0,1
189,Emerson,West Ham United,ITA,36,3142,1,0,2,2.1,3,0.03,0.06,10,0
190,Dango Ouattara,Bournemouth,BFA,30,1220,1,0,2,1.4,3,0.03,0.07,3,0
191,Jack Hinshelwood,Brighton and Hove Albion,ENG,12,870,3,0,0,0,3,0.25,0,1,0
192,Jay Rodriguez,Burnley,ENG,21,813,2,1,1,0.1,3,0.1,0.05,0,0
193,Jayden Bogle,Sheffield United,ENG,34,2792,3,0,0,0,3,0.09,0,9,0
194,Jarrad Branthwaite,Everton,ENG,35,3117,3,0,0,0,3,0.09,0,8,0
195,James Garner,Everton,ENG,37,3005,1,0,2,3.7,3,0.03,0.05,7,0
196,William Saliba,Arsenal,FRA,38,3420,2,0,1,0.9,3,0.05,0.03,4,0
197,Tariq Lamptey,Brighton and Hove Albion,,0,0,0,0,3,0.8,3,0,3,3,0
198,Takehiro Tomiyasu,Arsenal,JPN,22,1143,2,0,1,0.8,3,0.09,0.05,0,1
199,Sander Berge,Burnley,NOR,37,3005,1,0,2,1.6,3,0.03,0.05,8,1
200,Adam Wharton,Crystal Palace,,0,0,0,0,3,1.5,3,0,3,2,0
201,Christian Eriksen,Manchester United,DEN,22,1139,1,0,2,2.3,3,0.05,0.09,1,0
202,Rayan Ait Nouri,Wolverhampton Wanderers,ALG,33,2344,2,0,1,1.7,3,0.06,0.03,7,0
203,Oleksandr Zinchenko,Arsenal,UKR,27,1722,1,0,2,2.9,3,0.04,0.07,2,0
204,Beto,Everton,POR,30,939,3,0,0,0,3,0.1,0,2,0
205,Casemiro,Manchester United,BRA,25,1985,1,0,2,1.2,3,0.04,0.08,7,0
206,Willy Boly,Nottingham Forest,CIV,20,1443,2,0,1,0.8,3,0.1,0.05,1,1
207,Lorenz Assignon,Burnley,FRA,15,1237,1,0,2,1.6,3,0.07,0.13,3,1
208,Mads Roerslev,Brentford,DEN,34,1987,1,0,2,1.4,3,0.03,0.06,1,0
209,Micky van de Ven,Tottenham Hotspur,NED,27,2342,3,0,0,0,3,0.11,0,5,0
210,Kurt Zouma,West Ham United,FRA,33,2838,3,0,0,0,3,0.09,0,3,0
211,Joao Gomes,Wolverhampton Wanderers,BRA,34,2658,2,0,1,1.7,3,0.06,0.03,11,0
212,Lewis Cook,Bournemouth,,0,0,0,0,3,3,3,0,3,5,1
213,Jean-Ricner Bellegarde,Wolverhampton Wanderers,HAI,22,958,2,0,1,0.8,3,0.09,0.05,0,1
214,Joelinton,Newcastle United,BRA,20,1282,2,0,1,1.1,3,0.1,0.05,6,0
215,Konstantinos Tsimikas,Liverpool,,0,0,0,0,3,1.3,3,0,3,0,0
216,Kristoffer Vassbakk Ajer,Brentford,NOR,28,1833,2,0,1,2.7,3,0.07,0.04,5,0
217,Kevin Schade,Brentford,GER,11,331,2,0,1,0.7,3,0.18,0.09,0,0
218,James Milner,Brighton and Hove Albion,,0,0,0,0,2,1.7,2,0,2,3,0
219,Jacob Brown,Luton Town,SCO,19,1020,2,0,0,0,2,0.11,0,4,0
220,Jack Robinson,Sheffield United,ENG,34,2885,1,0,1,1,2,0.03,0.03,10,0
221,Jordan Clark,Luton Town,ENG,23,1306,1,0,1,1.2,2,0.04,0.04,4,0
222,Joel Veltman,Brighton and Hove Albion,NED,27,1582,1,0,1,0.6,2,0.04,0.04,4,0
223,Anel Ahmedhodzic,Sheffield United,BIH,31,2649,2,0,0,0,2,0.06,0,9,1
224,Ansu Fati,Brighton and Hove Albion,ESP,19,513,2,0,0,0,2,0.11,0,2,0
225,Antony,Manchester United,BRA,29,1323,1,0,1,1.9,2,0.03,0.03,5,0
226,Axel Disasi,Chelsea,FRA,31,2581,2,0,0,0,2,0.06,0,6,0
227,Amad Diallo,Manchester United,CIV,9,388,1,0,1,0.5,2,0.11,0.11,1,0
228,Amadou Onana,Everton,BEL,30,2090,2,0,0,0,2,0.07,0,5,0
229,Alex Scott,Bournemouth,ENG,23,1010,1,0,1,1.1,2,0.04,0.04,3,0
230,Ben Osborn,Sheffield United,,0,0,0,0,2,0.9,2,0,2,3,0
231,Julio Enciso,Brighton and Hove Albion,,0,0,0,0,2,1.3,2,0,2,2,0
232,Levi Colwill,Chelsea,ENG,23,1798,1,0,1,0.5,2,0.04,0.04,2,0
233,Jorginho,Arsenal,,0,0,0,0,2,2.1,2,0,2,1,0
234,Jacob Ramsey,Aston Villa,ENG,16,850,1,0,1,1.4,2,0.06,0.06,2,0
235,Ben Mee,Brentford,ENG,16,1276,2,0,0,0,2,0.12,0,1,1
236,Shandon Baptiste,Brentford,GRN,10,224,1,0,1,0.4,2,0.1,0.1,1,0
237,Tom Lockyer,Luton Town,WAL,14,1171,1,0,1,0.3,2,0.07,0.07,4,0
238,Tosin Adarabioyo,Fulham,ENG,20,1617,2,0,0,0,2,0.1,0,2,0
239,Álex Moreno,Aston Villa,ESP,21,1030,2,0,0,0,2,0.1,0,2,0
240,Aaron Wan-Bissaka,Manchester United,,0,0,0,0,2,1.4,2,0,2,4,0
241,Serge Aurier,Nottingham Forest,,0,0,0,0,2,0.5,2,0,2,2,0
242,Adam Smith,Bournemouth,,0,0,0,0,2,1.7,2,0,2,6,0
243,Sasa Kalajdzic,Wolverhampton Wanderers,AUT,11,159,2,0,0,0,2,0.18,0,1,0
244,Rodrigo Bentancur,Tottenham Hotspur,URU,23,1007,1,0,1,1.1,2,0.04,0.04,7,0
245,Chris Richards,Crystal Palace,USA,26,2091,1,0,1,0.2,2,0.04,0.04,3,0
246,Reece James,Chelsea,,0,0,0,0,2,1.6,2,0,2,0,2
247,Oscar Bobb,Manchester City,NOR,14,295,1,0,1,1.3,2,0.07,0.07,0,0
248,Pau Torres,Aston Villa,ESP,29,2463,2,0,0,0,2,0.07,0,1,0
249,Nathan Collins,Brentford,IRL,32,2649,1,0,1,1.1,2,0.03,0.03,3,0
250,Cauley Woodrow,Luton Town,ENG,24,409,1,0,1,0.9,2,0.04,0.04,2,0
251,Edson Álvarez,West Ham United,MEX,31,2383,1,0,1,0.8,2,0.03,0.03,11,0
252,Carlos Vinicius,Fulham,BRA,13,306,2,0,0,0,2,0.15,0,2,0
253,Nicolo Zaniolo,Aston Villa,ITA,25,830,2,0,0,0,2,0.08,0,7,0
254,Ola Aina,Nottingham Forest,NGA,22,1700,1,0,1,1,2,0.05,0.05,3,0
255,David Brooks,Bournemouth,WAL,13,273,1,0,1,0.5,2,0.08,0.08,1,0
256,Max Kilman,Wolverhampton Wanderers,ENG,38,3420,2,0,0,0,2,0.05,0,7,0
257,Curtis Jones,Liverpool,ENG,23,1167,1,0,1,1.1,2,0.04,0.04,3,1
258,Craig Dawson,Wolverhampton Wanderers,ENG,25,2211,1,0,1,0.6,2,0.04,0.04,7,0
259,Matheus Nunes,Manchester City,,0,0,0,0,2,1.7,2,0,2,0,0
260,Nathan Patterson,Everton,,0,0,0,0,2,1,2,0,2,4,0
261,Mikkel Damsgaard,Brentford,,0,0,0,0,2,0.9,2,0,2,2,0
262,Marc Cucurella,Chelsea,,0,0,0,0,2,1.2,2,0,2,10,0
263,Gonzalo Montiel,Nottingham Forest,,0,0,0,0,2,0.9,2,0,2,5,0
264,Harrison Reed,Fulham,,0,0,0,0,2,1.5,2,0,2,6,0
265,Gabriel Osho,Luton Town,ENG,21,1848,2,0,0,0,2,0.1,0,3,0
266,Ethan Pinnock,Brentford,JAM,29,2521,2,0,0,0,2,0.07,0,1,0
267,Manuel Akanji,Manchester City,SUI,30,2513,2,0,0,0,2,0.07,0,2,1
268,Manor Solomon,Tottenham Hotspur,,0,0,0,0,2,0.8,2,0,2,1,0
269,Elliot Anderson,Newcastle United,,0,0,0,0,2,1.2,2,0,2,3,0
270,Luca Koleosho,Burnley,USA,15,984,1,0,1,1.1,2,0.07,0.07,0,0
271,Murillo,Nottingham Forest,,0,0,0,0,2,0.6,2,0,2,5,0
272,Vitalii Mykolenko,Everton,UKR,28,2471,2,0,0,0,2,0.07,0,1,0
273,Issa Kaboré,Luton Town,,0,0,0,0,2,1.9,2,0,2,7,0
274,Jarell Quansah,Liverpool,ENG,17,1189,2,0,0,0,2,0.12,0,1,0
275,Victor Nilsson Lindelöf,Manchester United,SWE,19,1332,1,0,1,0.4,2,0.05,0.05,2,0
276,James Tarkowski,Everton,ENG,38,3419,1,0,1,2.7,2,0.03,0.03,11,0
277,Jefferson Lerma,Crystal Palace,COL,28,2403,1,0,1,2,2,0.04,0.04,8,0
278,Vitinho,Burnley,,0,0,0,0,2,1.2,2,0,2,1,0
279,Ryan Yates,Nottingham Forest,ENG,35,1986,1,0,1,0.6,2,0.03,0.03,6,0
280,Charlie Taylor,Burnley,ENG,28,2332,1,0,1,1.7,2,0.04,0.04,8,0
281,Carney Chukwuemeka,Chelsea,ENG,9,223,1,0,1,0.3,2,0.11,0.11,2,0
282,Rico Lewis,Manchester City,ENG,16,806,2,0,0,0,2,0.12,0,1,0
283,Alfie Gilchrist,Chelsea,ENG,11,202,1,0,0,0,1,0.09,0,1,0
284,Trevoh Chalobah,Chelsea,ENG,13,950,1,0,0,0,1,0.08,0,1,0
285,Vinicius de Souza Costa,Sheffield United,BRA,36,2672,1,0,0,0,1,0.03,0,3,0
286,Jamaal Lascelles,Newcastle United,ENG,16,1080,1,0,0,0,1,0.06,0,4,0
287,Ivan Perisic,Tottenham Hotspur,,0,0,0,0,1,0.7,1,0,1,2,0
288,Illia Zabarnyi,Bournemouth,UKR,37,3330,1,0,0,0,1,0.03,0,5,0
289,Wataru Endo,Liverpool,JPN,29,1719,1,0,0,0,1,0.03,0,10,0
290,Will Hughes,Crystal Palace,,0,0,0,0,1,1.8,1,0,1,6,0
291,Valentino Livramento,Newcastle United,ENG,26,1305,1,0,0,0,1,0.04,0,1,0
292,Alejo Veliz,Tottenham Hotspur,ARG,8,44,1,0,0,0,1,0.12,0,1,0
293,Ameen Al Dakhil,Burnley,BEL,13,1055,1,0,0,0,1,0.08,0,1,0
294,André Gomes,Everton,POR,12,503,1,0,0,0,1,0.08,0,4,0
295,Arnaut Danjuma,Everton,NED,14,587,1,0,0,0,1,0.07,0,0,0
296,Armando Broja,Fulham,,0,0,0,0,1,0.3,1,0,1,0,0
297,Armando Broja,Chelsea,ALB,21,535,1,0,0,0,1,0.05,0,0,0
298,Anthony Martial,Manchester United,FRA,13,445,1,0,0,0,1,0.08,0,0,0
299,Ben Davies,Tottenham Hotspur,WAL,17,1085,1,0,0,0,1,0.06,0,2,0
300,Ben Chilwell,Chelsea,,0,0,0,0,1,1.8,1,0,1,5,0
301,Teden Mengi,Luton Town,ENG,30,2470,1,0,0,0,1,0.03,0,3,0
302,Tim Ream,Fulham,USA,18,1504,1,0,0,0,1,0.06,0,2,1
303,Lewis Hall,Newcastle United,ENG,18,774,1,0,0,0,1,0.06,0,2,0
304,Lewis Dobbin,Everton,ENG,12,227,1,0,0,0,1,0.08,0,1,0
305,Leander Dendoncker,Aston Villa,BEL,8,118,1,0,0,0,1,0.12,0,0,0
306,Konstantinos Mavropanos,West Ham United,GRE,19,1501,1,0,0,0,1,0.05,0,2,0
307,Kieffer Moore,Bournemouth,WAL,8,100,1,0,0,0,1,0.12,0,0,0
308,Kenny Tete,Fulham,NED,14,868,1,0,0,0,1,0.07,0,2,0
309,José Sá,Wolverhampton Wanderers,,0,0,0,0,1,0,1,0,1,1,0
310,Joseph Willock,Newcastle United,ENG,9,418,1,0,0,0,1,0.11,0,0,0
311,Joseph Gomez,Liverpool,,0,0,0,0,1,1.1,1,0,1,5,0
312,Jonny Evans,Manchester United,,0,0,0,0,1,0.3,1,0,1,2,0
313,Joel Ward,Crystal Palace,,0,0,0,0,1,0.3,1,0,1,4,0
314,John Stones,Manchester City,ENG,16,1064,1,0,0,0,1,0.06,0,2,0
315,Jordan Beyer,Burnley,,0,0,0,0,1,0.2,1,0,1,6,0
316,Matheus Franca,Crystal Palace,,0,0,0,0,1,0.5,1,0,1,1,0
317,Mason Mount,Manchester United,ENG,14,513,1,0,0,0,1,0.07,0,2,0
318,Mateo Kovacic,Manchester City,CRO,30,1548,1,0,0,0,1,0.03,0,4,0
319,Emile Smith Rowe,Arsenal,,0,0,0,0,1,0.4,1,0,1,0,0
320,Emerson Royal,Tottenham Hotspur,BRA,22,1155,1,0,0,0,1,0.05,0,4,0
321,Facundo Pellistri,Manchester United,,0,0,0,0,1,0.4,1,0,1,0,0
322,Ezri Konsa,Aston Villa,ENG,35,3073,1,0,0,0,1,0.03,0,5,0
323,Lisandro Martinez,Manchester United,,0,0,0,0,1,0.1,1,0,1,3,0
324,Lloyd Kelly,Bournemouth,,0,0,0,0,1,0.8,1,0,1,2,0
325,Mahmoud Dahoud,Brighton and Hove Albion,,0,0,0,0,1,0.4,1,0,1,1,1
326,Mads Juel Andersen,Luton Town,DEN,8,399,1,0,0,0,1,0.12,0,1,0
327,Giovanni Reyna,Nottingham Forest,,0,0,0,0,1,0.4,1,0,1,0,0
328,George Earthy,West Ham United,ENG,3,31,1,0,0,0,1,0.33,0,0,0
329,George Baldock,Sheffield United,,0,0,0,0,1,0.6,1,0,1,4,0
330,Mathias Jørgensen,Brentford,DEN,14,1086,1,0,0,0,1,0.07,0,4,0
331,Matt Ritchie,Newcastle United,SCO,13,121,1,0,0,0,1,0.08,0,1,0
332,Max Lowe,Sheffield United,,0,0,0,0,1,0.1,1,0,1,1,0
333,Max Aarons,Bournemouth,,0,0,0,0,1,0.9,1,0,1,1,0
334,Hannibal Mejbri,Manchester United,TUN,5,130,1,0,0,0,1,0.2,0,1,0
335,Danny Ings,West Ham United,ENG,20,390,1,0,0,0,1,0.05,0,1,0
336,Michael Keane,Everton,ENG,9,438,1,0,0,0,1,0.11,0,2,0
337,Milos Kerkez,Bournemouth,,0,0,0,0,1,1.2,1,0,1,4,1
338,Connor Roberts,Burnley,,0,0,0,0,1,0.4,1,0,1,3,1
339,Maxwel Cornet,West Ham United,CIV,7,110,1,0,0,0,1,0.14,0,0,0
340,Matt Doherty,Wolverhampton Wanderers,IRL,30,1142,1,0,0,0,1,0.03,0,2,0
341,Mark Flekken,Brentford,,0,0,0,0,1,0.2,1,0,1,3,0
342,Marc Guehi,Crystal Palace,,0,0,0,0,1,1,1,0,1,2,0
343,Moussa Niakhaté,Nottingham Forest,SEN,21,1457,1,0,0,0,1,0.05,0,3,1
344,Nayef Aguerd,West Ham United,MAR,21,1859,1,0,0,0,1,0.05,0,1,1
345,Neco Williams,Nottingham Forest,,0,0,0,0,1,1.7,1,0,1,4,0
346,Divock Origi,Nottingham Forest,,0,0,0,0,1,0.8,1,0,1,1,0
347,Nélson Semedo,Wolverhampton Wanderers,,0,0,0,0,1,1.8,1,0,1,11,1
348,Omari Forson,Manchester United,,0,0,0,0,1,0,1,0,1,0,0
349,Benoit Badiashile,Chelsea,,0,0,0,0,1,0.9,1,0,1,3,0
350,Billy Gilmour,Brighton and Hove Albion,,0,0,0,0,1,2.5,1,0,1,8,1
351,Calum Chambers,Aston Villa,,0,0,0,0,1,0,1,0,1,1,0
352,Boubacar Kamara,Aston Villa,,0,0,0,0,1,1.4,1,0,1,7,1
353,Calvin Bassey,Fulham,NGA,29,2301,1,0,0,0,1,0.03,0,4,1
354,Oliver Norwood,Sheffield United,NIR,27,1433,1,1,0,0,1,0.04,0,8,0
355,Orel Mangala,Nottingham Forest,BEL,20,1569,1,0,0,0,1,0.05,0,6,0
356,Chris Mepham,Bournemouth,,0,0,0,0,1,0.5,1,0,1,2,0
357,Clément Lenglet,Aston Villa,,0,0,0,0,1,0.5,1,0,1,3,0
358,Raphaël Varane,Manchester United,FRA,22,1371,1,0,0,0,1,0.05,0,2,0
359,Ryan Gravenberch,Liverpool,NED,26,1121,1,0,0,0,1,0.04,0,0,0
360,Rico Henry,Brentford,,0,0,0,0,1,0.8,1,0,1,1,0
361,Sergio Gomez,Manchester City,,0,0,0,0,1,0.2,1,0,1,0,0
362,Sandro Tonali,Newcastle United,ITA,8,439,1,0,0,0,1,0.12,0,2,0
363,Said Benrahma,West Ham United,,0,0,0,0,1,0.8,1,0,1,1,0
364,Sasa Lukic,Fulham,SRB,24,1119,1,0,0,0,1,0.04,0,3,0
365,Saman Ghoddos,Brentford,IRN,19,729,1,0,0,0,1,0.05,0,5,0
366,Adam Lallana,Brighton and Hove Albion,,0,0,0,0,1,2,1,0,1,2,0